{"lambda_l1": 0.34260764760397966, "lambda_l2": 0.0033839332222377555, "learning_rate": 0.0020547393100240393, "max_depth": -1, "n_estimators": 5451, "feature_fraction": 0.42245872349981395, "bagging_fraction": 0.6576576929386385, "bagging_freq": 3, "num_leaves": 338, "min_child_samples": 289, "min_data_per_groups": 69}